tax0_,Corynespora_cassiicola_Philippines_PSN72580.1_6-369
tax1_,Periconia_macrospinosa_PVH99183.1_6-369
tax2_,Exidia_glandulosa_HHB12029_KZV92691.1_6-366
tax3_,Valsa_mali_var._pyri_KUI59176.1_6-367
tax4_,Pseudomassariella_vexata_ORY66619.1_6-367
tax5_,Macrophomina_phaseolina_MS6_EKG15018.1_6-371
tax6_,Pestalotiopsis_fici_W106-1_XP_007840906.1_6-363
tax7_,Diaporthe_ampelina_KKY29706.1_6-367
tax8_,Ascochyta_rabiei_KZM28799.1_6-367
tax9_,Neurospora_crassa_OR74A_XP_960160.2_6-351
tax10_,Neonectria_ditissima_KPM43137.1_6-349
tax11_,Auricularia_subglabra_TFB-10046_SS5_EJD51184.1_6-365
tax12_,Elsinoe_australis_PSK38000.1_6-367
tax13_,Cytospora_leucostoma_ROW03879.1_6-371
tax14_,Microdochium_sorghi_P32964.1_6-368
tax15_,Rutstroemia_sp._NJR-2017a_WRK4_PQE31842.1_8-368
tax16_,Scedosporium_apiospermum_XP_016641559.1_8-373
tax17_,Cladophialophora_psammophila_CBS_110553_XP_007749559.1_8-364
tax18_,Coleophoma_cylindrospora_RDW60618.1_8-355
tax19_,Byssochlamys_spectabilis_No._5_GAD95919.1_8-358
tax20_,Pseudogymnoascus_sp._VKM_F-4520_(FW-2644)_KFZ04372.1_11-365
tax21_,Ramularia_collo-cygni_XP_023622267.1_8-353
tax22_,Dothistroma_septosporum_NZE10_EME38597.1_8-358
tax23_,Phialophora_americana_KIW66784.1_9-379
tax24_,Cenococcum_geophilum_1.58_OCK91850.1_8-367
tax25_,Trichoderma_guizhouense_OPB43755.1_6-364
tax26_,Virgibacillus_proomii_WP_077320578.1_8-331
tax27_,Purpureocillium_lilacinum_OAQ85000.1_8-354
tax28_,Scheffersomyces_stipitis_CBS_6054_XP_001383097.1_9-327
tax29_,Alcaligenes_sp._AOQ26352.1_7-334
tax30_,Mitsuokella_multacida_WP_040635904.1_8-335
tax31_,Pseudonocardia_sp._CNS-139_WP_075939894.1_8-331
tax32_,Aneurinibacillus_terranovensis_WP_035102288.1_8-341
tax33_,Sporomusa_silvacetica_WP_094607203.1_8-331
tax34_,Exophiala_sideris_KIV80327.1_6-373
tax35_,Comamonas_testosteroni_AAA82085.1_7-354
tax36_,Dorea_sp._D27_WP_049730166.1_8-342
tax37_,Acaromyces_ingoldii_XP_025379632.1_6-365
tax38_,Capronia_coronata_CBS_617.96_XP_007723023.1_6-350
tax39_,Kuraishia_capsulata_CBS_1993_XP_022459152.1_6-340
tax40_,Burkholderia_cenocepacia_WP_077231478.1_8-349
tax41_,Collinsella_sp._An2_WP_087410022.1_7-332
tax42_,Rhodococcus_rhodochrous_Q02068.1_13-383
tax43_,Faecalicatena_contorta_WP_055151625.1_7-334
tax44_,Epibacterium_ulvae_WP_090217735.1_5-340
tax45_,Achromobacter_denitrificans_ASY91980.1_8-369
tax46_,Luminiphilus_syltensis_WP_009019956.1_7-333
tax47_,Saitoella_complicata_NRRL_Y-17804_XP_019023729.1_5-319
tax48_,Algibacter_aquaticus_WP_069831092.1_7-338
tax49_,Streptomyces_yerevanensis_WP_033329372.1_5-339
tax50_,Kwoniella_mangroviensis_CBS_8507_XP_018999060.1_6-360
tax51_,Verruconis_gallopava_XP_016211891.1_3-319
tax52_,Rhizobium_multihospitium_WP_092720209.1_8-379
tax53_,Paenarthrobacter_aurescens_WP_052295496.1_6-344
tax54_,Pusillimonas_sp._T2_WP_093971852.1_8-370
tax55_,Sorangium_cellulosum_WP_104977036.1_8-329
tax56_,Calothrix_WP_096691360.1_7-336
tax57_,Agromyces_sp._Soil535_WP_056731221.1_8-346
tax58_,Hoeflea_phototrophica_WP_007197753.1_5-340
tax59_,Nevskia_ramosa_WP_022975776.1_4-330
tax60_,Pezoloma_ericae_PMD24747.1_5-314
tax61_,Hyaloscypha_variabilis_F_PMD31520.1_7-333
tax62_,Blastopirellula_sp._PHR93537.1_5-339
tax63_,Lipomyces_starkeyi_NRRL_Y-11557_ODQ73339.1_5-322
tax64_,Ruegeria_sp._EL01_WP_120633831.1_5-338
tax65_,Gordonia_sputi_WP_005202355.1_8-366
tax66_,Pseudoclavibacter_faecalis_WP_019618212.1_6-341
tax67_,Oidiodendron_maius_Zn_KIM99358.1_5-320
tax68_,Venturia_inaequalis_RDI77273.1_7-321
tax69_,Desulfomonile_tiedjei_WP_014813127.1_6-342
tax70_,Mycosphaerella_eumusae_KXT04481.1_9-323
tax71_,Sphingobium_sp._YG1_WP_120252268.1_8-338
tax72_,Rosellinia_necatrix_GAP85806.1_6-323
tax73_,Nesterenkonia_sp._PF2B19_WP_083277743.1_9-349
tax74_,Yangia_pacifica_WP_108965934.1_5-336
tax75_,Roseomonas_aerilata_WP_052402406.1_8-342
tax76_,Jannaschia_sp._CCS1_WP_011456849.1_6-341
tax77_,Phialosimplex_sp._HF37_RMJ24221.1_7-319
tax78_,Coniochaeta_ligniaria_NRRL_30616_OIW28735.1_13-349
tax79_,Erythrobacter_xanthus_WP_119593802.1_7-334
tax80_,Nothophytophthora_sp._Chile5_RLN57712.1_8-339
tax81_,Neolentinus_lepideus_HHB14362_ss-1_KZT26812.1_6-322
tax82_,Amorphotheca_resinae_ATCC_22711_XP_024718616.1_4-327
tax83_,Sphaceloma_murrayae_PNS20039.1_7-314
tax84_,Naematelia_encephala_ORY27096.1_4-336
tax85_,Cyphellophora_europaea_CBS_101466_XP_008717157.1_6-316
tax86_,Mycolicibacterium_canariasense_WP_062655421.1_8-340
tax87_,Pyronema_omphalodes_CBS_100304_CCX30972.1_6-316
tax88_,Glarea_lozoyensis_ATCC_20868_XP_008086200.1_9-349
tax89_,Saccharomonospora_viridis_WP_081435281.1_35-362
tax90_,Acidobacteria_bacterium_RMG47375.1_4-338
tax91_,Nannizzia_gypsea_CBS_118893_XP_003172718.1_6-335
tax92_,Pigmentiphaga_sp._NML080357_WP_087779837.1_54-401
tax93_,Baudoinia_panamericana_UAMH_10762_XP_007680744.1_12-334
tax94_,Rachicladosporium_antarcticum_OQO03577.1_6-322
tax95_,Quasibacillus_thermotolerans_WP_039232302.1_6-342
tax96_,Quercus_suber_XP_023902668.1_8-323
tax97_,Marssonina_coronariae_OWO92956.1_8-327
tax98_,Leucosporidium_creatinivorum_ORY76011.1_9-358
tax99_,Cyberlindnera_fabianii_ONH64757.1_47-379
tax100_,Roseibium_sp._TrichSKD4_WP_009466168.1_2-323
tax101_,Shimia_aestuarii_WP_093096416.1_6-312
tax102_,Marinicaulis_flavus_WP_104830809.1_8-345
tax103_,Haloferax_sp._ATB1_WP_052367853.1_3-360
tax104_,Rhinocladiella_mackenziei_CBS_650.93_XP_013274345.1_10-333
tax105_,Flavobacterium_subsaxonicum_WP_026992151.1_7-328
tax106_,Madurella_mycetomatis_KXX77194.1_6-343
tax107_,Nocardiopsis_sp._JB363_WP_087102047.1_8-350
tax108_,Halomonas_nigrificans_WP_096655039.1_3-326
tax109_,Wickerhamomyces_ciferrii_XP_011274414.1_5-324
tax110_,Tumebacillus_avium_WP_087456205.1_8-339
tax111_,Aeribacillus_pallidus_WP_094244334.1_9-378
tax112_,Pseudolabrys_sp._GY_H_WP_115518041.1_7-339
tax113_,Devosia_sp._17-2-E-8_WP_052152163.1_7-338
tax114_,Deltaproteobacteria_bacterium_RIFOXYA2_FULL_55_11_OGQ91679.1_8-356
tax115_,Kerstersia_gyiorum_WP_068369866.1_7-339
tax116_,Mastigocoleus_testarum_BC008_KST68985.1_8-363
tax117_,Candidatus_Dadabacteria_bacterium_RBG_19FT_COMBO_40_33_OGE22731.1_8-359
tax118_,Mycobacterium_sp._141_WP_051111359.1_8-343
tax119_,Nocardioides_sp._603_WP_122817497.1_4-331
tax120_,Glaciimonas_sp._PCH181_WP_108439492.1_7-348
tax121_,Kitasatospora_sp._MBT63_WP_033825997.1_8-342
tax122_,Desulfobacteraceae_bacterium_RJR39505.1_58-381
tax123_,Bosea_vaviloviae_WP_083269938.1_7-355
tax124_,Prochlorococcus_marinus_WP_011863252.1_5-330
tax125_,Acuticoccus_sp._PTG4-2_WP_111346107.1_5-346
tax126_,Gracilibacter_sp._BRH_c7a_KUO63088.1_8-338
tax127_,Orrella_dioscoreae_WP_067752854.1_6-345
tax128_,Limnohabitans_sp._MMS-10A-192_WP_108327064.1_5-319
tax129_,Nitrospira_bacterium_SG8_3_KPK30834.1_8-326
tax130_,Actibacterium_atlanticum_WP_035246928.1_6-326
tax131_,Halobacteriales_archaeon_SW_9_67_25_PSQ60825.1_12-352
tax132_,Noviherbaspirillum_sp._K1S02-23_WP_119786313.1_9-361
tax133_,Methylorubrum_extorquens_WP_015950101.1_8-369
tax134_,Flavihumibacter_solisilvae_WP_039140149.1_13-323
tax135_,Maribius_pelagius_WP_091846263.1_5-321
tax136_,Syntrophus_sp._GWC2_56_31_OHE22761.1_8-347
tax137_,Polynucleobacter_difficilis_WP_108469599.1_7-347
tax138_,Acetobacter_aceti_WP_099349418.1_7-346
tax139_,Edaphobacter_dinghuensis_WP_121468877.1_4-325
tax140_,filamentous_cyanobacterium_CCP2_WP_106171958.1_7-355
tax141_,Ignavibacteriales_bacterium_CG12_big_fil_rev_8_21_14_0_65_30_8_PIW70553.1_4-301
tax142_,Mycolicibacter_sinensis_WP_064855551.1_4-325
tax143_,Phyllobacteriaceae_bacterium_SYSU_D60010_WP_119273595.1_7-372
tax144_,Gynuella_sunshinyii_WP_044615977.1_7-328
tax145_,Chloroflexi_bacterium_RIK37033.1_6-348
tax146_,Deinococcus_marmoris_WP_075836082.1_5-344
tax147_,Lyngbya_confervoides_WP_044150276.1_7-340
tax148_,Brenneria_goodwinii_WP_082153019.1_6-360
tax149_,Corticibacter_populi_WP_122228210.1_6-350
tax150_,Pedobacter_rhizosphaerae_WP_090883743.1_13-335
tax151_,Gimesia_maris_WP_002649284.1_6-343
tax152_,Nostoc_sp._KVJ20_WP_069072274.1_6-331
tax153_,Haliangium_ochraceum_WP_012829839.1_5-332
tax154_,Aquimarina_agarilytica_WP_010179476.1_7-330
tax155_,Xanthomonadales_bacterium_RIFOXYA1_FULL_68_6_OHE89823.1_4-325
tax156_,Salinicola_acroporae_WP_110715892.1_5-353
tax157_,Acidothermus_cellulolyticus_WP_049751380.1_8-353
tax158_,Azoarcus_sp._KH32C_WP_015436091.1_7-340
tax159_,Theionarchaea_archaeon_DG-70_KYK37103.1_14-337
tax160_,Blastocatellia_bacterium_AA13_PYP84578.1_4-304
tax161_,Nitrospinae_bacterium_RMF85382.1_6-381
tax162_,Phaeobacter_sp._22II1-1F12B_WP_088632112.1_4-317
tax163_,Verrucomicrobia_bacterium_TMED40_OUU11477.1_2-324
tax164_,Scytonema_sp._NIES-4073_WP_096562652.1_13-339
tax165_,Acidobacteriaceae_bacterium_TAA166_WP_022846061.1_4-324
tax166_,Zavarzinia_sp._HR-AS_WP_109906827.1_8-349
tax167_,Chitinophaga_filiformis_WP_089831710.1_5-334
tax168_,Pannonibacter_phragmitetus_WP_058899482.1_6-354
tax169_,Reichenbachiella_versicolor_WP_109832677.1_7-333
tax170_,Methylocella_silvestris_WP_012591004.1_7-342
tax171_,miscellaneous_Crenarchaeota_group-15_archaeon_DG-45_KON31240.1_5-360
tax172_,Vulgatibacter_incomptus_WP_050725888.1_4-324
tax173_,Hymenobacter_terrenus_WP_046247184.1_5-316
tax174_,Methanobrevibacter_sp._87.7_WP_088539520.1_8-305
tax175_,Tolypothrix_bouteillei_WP_050046938.1_6-314
tax176_,Nitrosospira_sp._Nsp18_WP_090958643.1_4-331
tax177_,Psychromonas_sp._SP041_WP_025565775.1_4-333
tax178_,Fischerella_muscicola_WP_016860310.1_13-348
tax179_,Acidiphilium_sp._JA12-A1_WP_035188376.1_7-346
tax180_,Calditrichaeota_bacterium_RMD86091.1_8-309
tax181_,Singulisphaera_sp._GP187_WP_083670124.1_4-347
tax182_,Lysobacter_sp._cf310_WP_091636738.1_4-326
tax183_,Rubrobacter_xylanophilus_WP_011563231.1_9-359
tax184_,Dyella_sp._4MSK11_WP_115476929.1_4-331
tax185_,Rhodoplanes_sp._Z2-YC6860_WP_068023405.1_8-348
tax186_,Aquabacterium_olei_WP_109038686.1_7-347
tax187_,Desulfobacterium_sp._4572_20_OQY14434.1_8-315
tax188_,Pueribacillus_theae_WP_116554159.1_8-318
tax189_,Neorhizobium_galegae_WP_041365367.1_6-340
tax190_,Fusobacterium_ulcerans_WP_005978877.1_8-306
tax191_,Planctomyces_sp._SH-PL62_WP_068420006.1_4-325
tax192_,Bacteroidetes_bacterium_RMF59063.1_8-309
tax193_,Clostridiales_WP_117483202.1_8-306
tax194_,Halanaerobium_saccharolyticum_WP_005487979.1_9-319
tax195_,Saccharospirillum_mangrovi_WP_108125133.1_6-335
tax196_,Anaerosphaera_aminiphila_WP_073183449.1_8-307
tax197_,Sporichthya_polymorpha_WP_019877824.1_3-309
tax198_,Filomicrobium_insigne_WP_090226354.1_14-358
tax199_,Halococcus_sediminicola_WP_049998986.1_6-374
tax200_,Leptolinea_tardivitalis_WP_062421262.1_7-306
tax201_,Anaerolineaceae_bacterium_4572_5.2_OQY30619.1_8-317
tax202_,Emergomyces_pasteurianus_Ep9510_OJD16061.1_9-330
tax203_,Prosthecobacter_debontii_WP_078811745.1_4-343
tax204_,Rathayibacter_sp._Leaf299_WP_055789975.1_60-358
tax205_,Saccharopolyspora_antimicrobica_SFO39453.1_9-360
tax206_,Gemmatimonas_sp._SG8_23_KPJ81217.1_10-327
tax207_,Podospora_anserina_S_mat+_CDP27035.1_8-360
tax208_,Megasphaera_sp._BV3C16-1_ERT57995.1_9-309
tax209_,Aminobacter_sp._MSH1_WP_108610422.1_4-326
tax210_,marine_bacterium_AO1-C_OJJ23368.1_5-313
tax211_,Fabibacter_sp._4D4_WP_069842424.1_5-311
tax212_,Epsilonproteobacteria_bacterium_RLA71171.1_6-322
tax213_,Amphiplicatus_metriothermophilus_WP_089412378.1_7-333
tax214_,Luteibacter_rhizovicinus_WP_082878946.1_4-341
tax215_,Novibacillus_thermophilus_WP_077720545.1_22-357
tax216_,Ignavibacteria_bacterium_PLX29193.1_8-333
tax217_,Dongia_sp._URHE0060_WP_081800576.1_4-349
tax218_,Moraxellaceae_bacterium_HYN0046_WP_114899766.1_4-326
tax219_,Acidaminococcus_sp._AM05-11_WP_118286885.1_8-306
tax220_,Anaerolineae_bacterium_UTCFX2_OQY92590.1_8-323
tax221_,Caldilineae_bacterium_RME82988.1_6-318
tax222_,Sporothrix_insectorum_RCEF_264_OAA59042.1_5-364
tax223_,Clostridioides_difficile_WP_077709950.1_8-308
tax224_,Intestinibacter_bartlettii_WP_007287539.1_8-307
tax225_,Conidiobolus_coronatus_NRRL_28638_KXN67143.1_12-327
tax226_,Methylopila_sp._Yamaguchi_WP_103122876.1_6-349
tax227_,Acidomyces_richmondensis_KXL47801.1_8-375
tax228_,Chlorobium_phaeobacteroides_WP_012474726.1_7-311
tax229_,Dehalococcoidia_bacterium_PWB43351.1_8-357
tax230_,Gemmatimonadetes_bacterium_RMH21887.1_5-323
tax231_,Prolixibacter_bellariivorans_WP_025865629.1_3-312
tax232_,Gammaproteobacteria_bacterium_RIFCSPLOWO2_02_FULL_61_13_OGT83527.1_19-375
tax233_,Flexithrix_dorotheae_WP_020532107.1_7-307
tax234_,Dethiosulfatarculus_sandiegensis_WP_044350613.1_4-318
tax235_,Ochrobactrum_sp._MYb29_WP_105731638.1_4-333
tax236_,Sphaerobacter_thermophilus_PZN64693.1_36-363
tax237_,Kushneria_aurantia_WP_083920902.1_4-333
tax238_,Dethiosulfovibrio_peptidovorans_WP_005660560.1_8-307
tax239_,Coniosporium_apollinis_CBS_100218_XP_007780603.1_6-355
tax240_,Microscilla_marina_WP_002695609.1_3-311
tax241_,Sneathia_sanguinegens_WP_066728067.1_7-306
tax242_,Jonquetella_WP_008519690.1_8-307
tax243_,Chlamydia_abortus_SHE11701.1_6-321
tax244_,Peptoniphilus_sp._ChDC_B134_WP_036730296.1_8-307
tax245_,Granulicella_sp._GAS466_ROP72009.1_7-310
tax246_,Photobacterium_profundum_WP_006231602.1_3-318
tax247_,Brassica_oleracea_VDC87775.1_19-343
tax248_,Acidithiobacillales_bacterium_SG8_45_KPK12037.1_2-313
tax249_,Balneola_vulgaris_WP_018127640.1_17-339
tax250_,Folsomia_candida_XP_021954998.1_28-363
tax251_,Emiliania_huxleyi_CCMP1516_XP_005777243.1_4-245
tax252_,Desulfofustis_glycolicus_WP_073375644.1_9-310
tax253_,Eudoraea_adriatica_WP_019670138.1_5-310
tax254_,Algoriphagus_sp._M8-2_WP_067544758.1_10-320
tax255_,Cylindrobasidium_torrendii_FP15055_ss-10_KIY71061.1_8-339
tax256_,Kordiimonas_lipolytica_WP_068143984.1_5-324
tax257_,Lautropia_sp._SCN_69-89_ODS99488.1_5-315
tax258_,Chondromyces_apiculatus_WP_063748733.1_4-345
tax259_,Sutterella_sp._AM11-39_WP_118276303.1_5-312
tax260_,Gillisia_sp._JM1_WP_026839076.1_7-321
tax261_,Cellvibrionales_bacterium_TMED122_OUV61679.1_5-317
tax262_,Conexibacter_woesei_WP_012935347.1_7-313
tax263_,Halobacteriovorax_sp._DA5_WP_103218283.1_4-316
tax264_,Moritella_sp._PE36_WP_006030735.1_2-315
tax265_,Phascolarctobacterium_sp._CAG:266_CDB34863.1_8-306
tax266_,Solemya_velum_gill_symbiont_WP_078462887.1_1-310
tax267_,Dokdonia_pacifica_WP_089369656.1_9-322
tax268_,candidate_division_AD3_bacterium_PZS00554.1_6-319
tax269_,Microvirga_sp._KLBC_81_WP_116531890.1_8-316
tax270_,Armatimonadetes_bacterium_RBG_16_67_12_OFX27584.1_8-331
tax271_,Dialister_sp._CAG:357_CDD79615.1_9-308
tax272_,Galdieria_sulphuraria_XP_005704059.1_12-363
tax273_,Klebsormidium_nitens_GAQ87877.1_14-321
tax274_,Cohnella_phaseoli_WP_116059673.1_6-321
tax275_,Parastagonospora_nodorum_SN15_XP_001796773.1_5-355
tax276_,Desulfospira_joergensenii_WP_022667108.1_4-313
tax277_,Hymenobacteraceae_bacterium_KCTC_52794_WP_114777025.1_4-322
tax278_,Catelliglobosispora_koreensis_WP_026209072.1_1-309
tax279_,Gracilimonas_sp._8A47_WP_109647438.1_5-304
tax280_,Rhodothermus_profundi_WP_072716360.1_6-327
tax281_,Microbulbifer_donghaiensis_WP_073274732.1_2-314
tax282_,Meliniomyces_bicolor_E_XP_024726484.1_5-350
tax283_,Desulfatitalea_tepidiphila_WP_054033967.1_21-320
tax284_,Asaccharospora_irregularis_WP_084120331.1_5-306
tax285_,Zetaproteobacteria_bacterium_CG23_combo_of_CG06-09_8_20_14_all_54_7_PIP01697.1_2-315
tax286_,Desulfarculus_sp._RJX35947.1_4-321
tax287_,Ahniella_affigens_WP_106892596.1_6-324
tax288_,Cellulomonas_sp._Root485_WP_055914232.1_4-313
tax289_,Lepidopterella_palustris_CBS_459.81_OCK74950.1_5-322
tax290_,Nonlabens_agnitus_WP_105983063.1_6-317
tax291_,Glaciecola_sp._KUL10_WP_110427681.1_10-321
tax292_,Cloacibacillus_porcorum_WP_066743212.1_10-331
tax293_,Rheinheimera_sp._SA_1_WP_068059695.1_1-309
tax294_,Archangium_gephyra_WP_047862587.1_7-333
tax295_,Rhodohalobacter_barkolensis_WP_101072955.1_10-322
tax296_,Marchantia_polymorpha_subsp._ruderalis_OAE24542.1_29-342
tax297_,Wenzhouxiangella_marina_WP_049724509.1_1-321
tax298_,Osedax_symbiont_Rs2_EPJ52764.1_14-327
tax299_,Sodiomyces_alkalinus_F11_ROT40344.1_5-362
tax300_,Thioalbus_denitrificans_WP_114280594.1_2-314
tax301_,Ktedonobacter_sp._13_2_20CM_2_56_8_OLB59021.1_8-312
tax302_,Halofilum_ochraceum_WP_083330729.1_3-333
tax303_,Rubidibacter_lacunae_WP_022609171.1_2-312
tax304_,Leucobacter_sp._G161_WP_059059635.1_9-326
tax305_,Agrococcus_carbonis_WP_092665944.1_2-307
tax306_,Caenorhabditis_elegans_NP_497791.1_2-305
tax307_,Hirschia_maritima_WP_018996521.1_16-328
tax308_,Luteitalea_pratensis_WP_110171022.1_5-313
tax309_,Peptoanaerobacter_stomatis_WP_009525474.1_8-306
tax310_,Picea_sitchensis_ABR16443.1_23-346
tax311_,Euryarchaeota_archaeon_RMG26973.1_4-302
tax312_,Vitrella_brassicaformis_CCMP3155_CEM30686.1_1-306
tax313_,Pleionea_mediterranea_WP_109762935.1_6-327
tax314_,Chara_braunii_GBG83097.1_44-361
tax315_,Ilumatobacter_coccineus_YM16-304_BAN00401.1_4-322
tax316_,Corynebacterium_lubricantis_WP_018296871.1_6-311
tax317_,Rubrivivax_sp._SCN_71-131_ODU08479.1_19-327
tax318_,Sciscionella_sp._SE31_WP_031470466.1_4-305
tax319_,Mucilaginibacter_gotjawali_WP_096357137.1_5-318
tax320_,Coffea_canephora_CDP06876.1_32-352
tax321_,Gemmata_sp._SH-PL17_WP_082841016.1_32-408
tax322_,Gemmatirosa_kalamazoonesis_WP_025415176.1_2-311
tax323_,Pelomonas_sp._BT06_WP_119047330.1_11-331
tax324_,Homoserinimonas_sp._OAct_916_WP_111720853.1_4-309
tax325_,Marine_Group_II_euryarchaeote_MED-G36_PDH23923.1_1-300
tax326_,Elstera_cyanobacteriorum_WP_094407703.1_9-321
tax327_,Selaginella_moellendorffii_XP_024531501.1_10-338
tax328_,Plesiocystis_pacifica_WP_086000887.1_17-373
tax329_,Mariniblastus_fucicola_WP_075085123.1_5-317
tax330_,Phycisphaera_sp._RNC80436.1_1-318
tax331_,Fibularhizoctonia_sp._CBS_109695_KZP15294.1_5-371
tax332_,Zymomonas_mobilis_WP_011241028.1_4-329
tax333_,Marinicella_sediminis_WP_077409713.1_6-318
tax334_,alpha_proteobacterium_Q-1_WP_042086951.1_5-304
tax335_,Thalassotalea_sp._ND16A_KGJ91587.1_13-324
tax336_,Sphingorhabdus_sp._Alg231-15_WP_108810092.1_5-319
tax337_,Drosophila_eugracilis_XP_017085969.1_9-327
tax338_,Physcomitrella_patens_XP_024359725.1_26-347
tax339_,Phycicoccus_sp._Soil803_WP_057376324.1_4-317
tax340_,Marinoscillum_furvescens_WP_115866181.1_5-315
tax341_,Eilatimonas_milleporae_WP_121938785.1_19-328
tax342_,Haematobacter_genomosp._1_WP_088215497.1_3-308
tax343_,Aestuariispira_insulae_WP_115935586.1_4-311
tax344_,Novispirillum_itersonii_WP_019644331.1_4-321
tax345_,Cutaneotrichosporon_oleaginosum_XP_018275718.1_3-333
tax346_,Woeseia_oceani_WP_068614070.1_9-323
tax347_,Ekhidna_lutea_WP_089357158.1_5-313
tax348_,Umezawaea_tangerina_WP_106188788.1_7-322
tax349_,Kiloniella_majae_WP_085907565.1_8-320
tax350_,Actinomyces_sp._RMH67321.1_1-304
tax351_,Actinophytocola_xanthii_WP_075123738.1_5-315
tax352_,Hellea_balneolensis_WP_026942279.1_2-315
tax353_,Archaeoglobales_archaeon_RLI75377.1_1-308
tax354_,Terriglobus_roseus_WP_014784539.1_1-290
tax355_,Rhizoclosmatium_globosum_ORY49801.1_5-337
tax356_,Pirellula_staleyi_WP_012911990.1_8-302
tax357_,Chroococcidiopsis_cubana_WP_106166986.1_8-361
tax358_,Mitsuaria_sp._7_WP_067270728.1_5-329
tax359_,Vitreoscilla_massiliensis_WP_058356028.1_2-321
tax360_,Syncephalastrum_racemosum_ORZ03812.1_9-318
tax361_,Basidiobolus_meristosporus_CBS_931.73_ORX94808.1_6-325
tax362_,Frankia_canadensis_WP_101833172.1_5-340
tax363_,Herrania_umbratica_XP_021278595.1_31-217
tax364_,Sphaerobolus_stellatus_SS14_KIJ45626.1_5-317
tax365_,Debaryomyces_hansenii_CBS767_XP_458512.2_3-307
tax366_,Oceanospirillum_beijerinckii_WP_084624189.1_53-356
tax367_,Dickeya_paradisiaca_WP_015855350.1_4-306
tax368_,Rahnella_sp._AA_WP_101074893.1_4-308
tax369_,Xanthomonas_massiliensis_WP_066094190.1_4-308
tax370_,Micromonosporaceae_bacterium_CPCC_204380_WP_117209561.1_14-327
tax371_,Frateuria_aurantia_WP_014402230.1_4-307
tax372_,Meira_miltonrushii_XP_025351698.1_4-309
tax373_,Protomyces_lactucaedebilis_ORY76045.1_1-290
tax374_,Allokutzneria_albata_WP_030433010.1_2-296
tax375_,Angomonas_deanei_EPY15006.1_6-320
tax376_,Marinicauda_sp._WD6-1_WP_109252997.1_14-311
tax377_,Sphingosinicella_sp._GL-C-18_WP_106515374.1_2-312
tax378_,Tetrabaena_socialis_PNH02482.1_61-476
tax379_,Moesziomyces_antarcticus_XP_014656293.1_62-389
tax380_,Morchella_conica_CCBAS932_RPB12280.1_1-328
tax381_,Agaricus_bisporus_var._bisporus_H97_XP_006462086.1_5-339
tax382_,Tilletiopsis_washingtonensis_XP_025598179.1_10-347
tax383_,Sandarakinorhabdus_limnophila_WP_022679192.1_8-306
tax384_,Ustilaginoidea_virens_GAO17446.1_4-349
tax385_,Umbilicaria_pustulata_SLM33844.1_5-414
tax386_,endosymbiont_of_Ridgeia_piscesae_KRT54439.1_1-202
tax387_,Acetobacterium_WP_070372591.1_4-301
tax388_,Xylona_heveae_TC161_XP_018189691.1_5-407
tax389_,Diplocarpon_rosae_PBP15627.1_5-416
tax390_,Blumeria_graminis_f._sp._tritici_96224_EPQ63472.1_4-396
tax391_,Stachybotrys_chartarum_IBT_7711_KEY74620.1_7-410
tax392_,Choiromyces_venosus_120613-1_RPA92924.1_4-332
tax393_,Elaphomyces_granulatus_OXV10245.1_17-466
tax394_,Alteribacillus_iranensis_WP_091658736.1_2-273
tax395_,Endocarpon_pusillum_Z07020_XP_007804346.1_5-363
tax396_,Thielavia_terrestris_NRRL_8126_XP_003658141.1_6-492
tax397_,Raoultibacter_timonensis_WP_102380250.1_9-278
tax398_,Psychrilyobacter_atlanticus_WP_028855744.1_23-343
tax399_,Curtobacterium_WP_123293797.1_4-295
tax400_,Coprococcus_eutactus_WP_004851488.1_42-314
tax401_,Eggerthella_lenta_WP_086414164.1_13-280
tax402_,Sedimentibacter_sp._B4_WP_083851564.1_38-317
tax403_,Lottia_gigantea_XP_009059846.1_4-280
tax404_,Thermocrispum_municipale_WP_028849522.1_8-292
tax405_,Effusibacillus_lacus_WP_096182603.1_3-280
tax406_,Fimbriimonas_ginsengisoli_WP_025225721.1_16-275
tax407_,Dictyostelium_discoideum_AX4_XP_636983.1_53-328
tax408_,Neofamilia_massiliensis_WP_054252681.1_5-273
tax409_,Jeotgalibacillus_soli_WP_084219850.1_6-298
tax410_,SAR324_cluster_bacterium_PCI27776.1_4-270
tax411_,Pelagibacteraceae_bacterium_TMED287_OUX53619.1_7-302
tax412_,Prosthecomicrobium_hirschii_WP_054357545.1_7-289
tax413_,Bifidobacterium_longum_WP_077383029.1_3-270
tax414_,Methanosphaera_sp._WGK6_WP_069593427.1_7-278
tax415_,Persephonella_sp._KM09-Lau-8_WP_029522411.1_1-286
tax416_,Sinorhizobium_sp._Sb3_WP_058328487.1_1-276
tax417_,Helicobacter_pylori_WP_120820141.1_11-294
tax418_,Saccoglossus_kowalevskii_XP_006824756.1_14-282
tax419_,Methanobacterium_congolense_WP_071906544.1_5-282
tax420_,Anaerotruncus_sp._G3(2012)_EOS61282.1_21-287
tax421_,Desulfofundulus_thermosubterraneus_DSM_16057_SHI60494.1_7-282
tax422_,Palaeococcus_pacificus_WP_048165835.1_1-264
tax423_,Nitrospirae_bacterium_RBG_19FT_COMBO_42_15_OGW51405.1_2-271
tax424_,Desulfuromusa_kysingii_WP_092346488.1_4-295
tax425_,Caldivirga_sp._CIS_19_KUO89233.1_4-283
tax426_,Microgenomates_group_bacterium_RBG_16_45_19_OGV96908.1_6-304
tax427_,Pseudoscardovia_suis_WP_094691923.1_1-276
tax428_,Rhodothermaceae_bacterium_WP_112326490.1_1-273
tax429_,Ignavibacterium_album_WP_014559904.1_7-296
tax430_,Caloramator_quimbayensis_WP_078696142.1_2-268
tax431_,Stenotrophomonas_sp._HMSC10F06_WP_070474612.1_8-295
tax432_,Schizosaccharomyces_cryophilus_OY26_XP_013021354.1_3-270
tax433_,Numida_meleagris_XP_021255608.1_11-282
tax434_,Monosiga_brevicollis_MX1_XP_001742101.1_17-287
tax435_,Desulfuribacillus_stibiiarsenatis_WP_069702612.1_5-292
tax436_,Nitrosarchaeum_koreense_WP_007551504.1_1-268
tax437_,Priapulus_caudatus_XP_014664519.1_10-281
tax438_,Staphylococcus_kloosii_WP_106884403.1_1-265
tax439_,Cryptotermes_secundus_XP_023717537.1_6-278
tax440_,Pelagibacterales_bacterium_MED-G39_PDH18135.1_5-293
tax441_,Advenella_kashmirensis_WP_024003423.1_1-272
tax442_,Pseudocohnilembus_persalinus_KRX06562.1_8-290
tax443_,Plantactinospora_sp._CNZ320_WP_101368334.1_5-289
tax444_,Thermoanaerobacteraceae_bacterium_SP2_WP_120767906.1_8-276
tax445_,Pelodiscus_sinensis_XP_006130749.1_11-283
tax446_,Synergistales_bacterium_54_24_KUK39615.1_21-311
tax447_,Lentisphaerae_bacterium_GWF2_49_21_OGV38787.1_31-292
tax448_,Chlorobi_bacterium_RMF33706.1_1-268
tax449_,Orussus_abietinus_XP_012274818.1_77-389
tax450_,Pandoraea_sp._64-18_OJY17683.1_16-298
tax451_,Verrucosispora_maris_WP_013736375.1_4-315
tax452_,Beduini_massiliensis_WP_041140193.1_4-293
tax453_,Diversispora_versiformis_RHZ75250.1_6-279
tax454_,Dethiosulfatibacter_aminovorans_WP_073051136.1_10-286
tax455_,Peptostreptococcus_sp._D1_WP_091992912.1_4-274
tax456_,Rhizophagus_irregularis_PKK71735.1_4-274
tax457_,Acetomicrobium_flavidum_WP_074198956.1_5-272
tax458_,Pyramidobacter_sp._C12-8_OON90137.1_7-289
tax459_,Selenihalanaerobacter_shriftii_WP_078808901.1_4-300
tax460_,Desulfallas_arcticus_WP_092468046.1_4-283
tax461_,Kyrpidia_spormannii_WP_100668811.1_1-267
tax462_,Xenopus_tropicalis_Q28IE5.1_4-276
tax463_,Rhodopirellula_baltica_WP_037198840.1_14-262
tax464_,Bos_indicus_XP_019825419.1_11-283
tax465_,Chrysemys_picta_bellii_XP_008176847.2_31-303
tax466_,Endozoicomonas_ascidiicola_WP_067519412.1_5-289
tax467_,Clupea_harengus_XP_012677108.1_11-284
tax468_,Hungateiclostridium_clariflavum_WP_014254649.1_4-280
